estado,municipio,clave_inegi,declaratoria_emergencia_ordinaria,declaratoria_emergencia_extraordinaria,declaratoria_desastre,magniud_sismo,fecha_evento
Chiapas,Acacoyagua,07001,,sí,sí,8.2,2017-09-07
Chiapas,Acala,07002,,sí,sí,8.2,2017-09-07
Chiapas,Acapetahua,07003,,sí,sí,8.2,2017-09-07
Chiapas,Altamirano,07004,,sí,sí,8.2,2017-09-07
Chiapas,Amatán,07005,,sí,sí,8.2,2017-09-07
Chiapas,Amatenango de la Frontera,07006,,sí,sí,8.2,2017-09-07
Chiapas,Amatenango del Valle,07007,,sí,sí,8.2,2017-09-07
Chiapas,Angel Albino Corzo,07008,,sí,sí,8.2,2017-09-07
Chiapas,Arriaga,07009,,sí,sí,8.2,2017-09-07
Chiapas,Bejucal de Ocampo,07010,,sí,sí,8.2,2017-09-07
Chiapas,Bella Vista,07011,,sí,sí,8.2,2017-09-07
Chiapas,Berriozábal,07012,,sí,sí,8.2,2017-09-07
Chiapas,Bochil,07013,,sí,sí,8.2,2017-09-07
Chiapas,El Bosque,07014,,sí,sí,8.2,2017-09-07
Chiapas,Cacahoatán,07015,,sí,sí,8.2,2017-09-07
Chiapas,Catazajá,07016,,sí,,8.2,2017-09-07
Chiapas,Cintalapa,07017,,sí,sí,8.2,2017-09-07
Chiapas,Coapilla,07018,,sí,sí,8.2,2017-09-07
Chiapas,Comitán de Domínguez,07019,,sí,sí,8.2,2017-09-07
Chiapas,La Concordia,07020,,sí,sí,8.2,2017-09-07
Chiapas,Copainalá,07021,,sí,sí,8.2,2017-09-07
Chiapas,Chalchihuitán,07022,,sí,sí,8.2,2017-09-07
Chiapas,Chamula,07023,,sí,sí,8.2,2017-09-07
Chiapas,Chanal,07024,,sí,sí,8.2,2017-09-07
Chiapas,Chapultenango,07025,,sí,,8.2,2017-09-07
Chiapas,Chenalhó,07026,,sí,sí,8.2,2017-09-07
Chiapas,Chiapa de Corzo,07027,,sí,sí,8.2,2017-09-07
Chiapas,Chiapilla,07028,,sí,sí,8.2,2017-09-07
Chiapas,Chicoasén,07029,,sí,sí,8.2,2017-09-07
Chiapas,Chicomuselo,07030,,sí,sí,8.2,2017-09-07
Chiapas,Chilón,07031,,sí,,8.2,2017-09-07
Chiapas,Escuintla,07032,,sí,sí,8.2,2017-09-07
Chiapas,Francisco León,07033,,sí,sí,8.2,2017-09-07
Chiapas,Frontera Comalapa,07034,,sí,sí,8.2,2017-09-07
Chiapas,Frontera Hidalgo,07035,,sí,sí,8.2,2017-09-07
Chiapas,La Grandeza,07036,,sí,sí,8.2,2017-09-07
Chiapas,Huehuetán,07037,,sí,sí,8.2,2017-09-07
Chiapas,Huixtán,07038,,sí,sí,8.2,2017-09-07
Chiapas,Huitiupán,07039,,sí,,8.2,2017-09-07
Chiapas,Huixtla,07040,,sí,sí,8.2,2017-09-07
Chiapas,La Independencia,07041,,sí,sí,8.2,2017-09-07
Chiapas,Ixhuatán,07042,,sí,,8.2,2017-09-07
Chiapas,Ixtacomitán,07043,,sí,,8.2,2017-09-07
Chiapas,Ixtapa,07044,,sí,sí,8.2,2017-09-07
Chiapas,Ixtapangajoya,07045,,sí,,8.2,2017-09-07
Chiapas,Jiquipilas,07046,,sí,sí,8.2,2017-09-07
Chiapas,Jitotol,07047,,sí,sí,8.2,2017-09-07
Chiapas,Juárez,07048,,sí,,8.2,2017-09-07
Chiapas,Larráinzar,07049,,sí,sí,8.2,2017-09-07
Chiapas,La Libertad,07050,,sí,,8.2,2017-09-07
Chiapas,Mapastepec,07051,,sí,sí,8.2,2017-09-07
Chiapas,Las Margaritas,07052,,sí,sí,8.2,2017-09-07
Chiapas,Mazapa de Madero,07053,,sí,sí,8.2,2017-09-07
Chiapas,Mazatán,07054,,sí,sí,8.2,2017-09-07
Chiapas,Metapa,07055,,sí,sí,8.2,2017-09-07
Chiapas,Mitontic,07056,,sí,sí,8.2,2017-09-07
Chiapas,Motozintla,07057,,sí,sí,8.2,2017-09-07
Chiapas,Nicolás Ruíz,07058,,sí,sí,8.2,2017-09-07
Chiapas,Ocosingo,07059,,sí,sí,8.2,2017-09-07
Chiapas,Ocotepec,07060,,sí,sí,8.2,2017-09-07
Chiapas,Ocozocoautla de Espinosa,07061,,sí,sí,8.2,2017-09-07
Chiapas,Ostuacán,07062,,sí,,8.2,2017-09-07
Chiapas,Osumacinta,07063,,sí,sí,8.2,2017-09-07
Chiapas,Oxchuc,07064,,sí,sí,,2017-09-07
Chiapas,Palenque,07065,,sí,,8.2,2017-09-07
Chiapas,Pantelhó,07066,,sí,sí,8.2,2017-09-07
Chiapas,Pantepec,07067,,sí,sí,8.2,2017-09-07
Chiapas,Pichucalco,07068,,sí,,8.2,2017-09-07
Chiapas,Pijijiapan,07069,,sí,sí,8.2,2017-09-07
Chiapas,El Porvenir,07070,,sí,sí,8.2,2017-09-07
Chiapas,Villa Comaltitlán,07071,,sí,sí,8.2,2017-09-07
Chiapas,Pueblo Nuevo Solistahuacán,07072,,sí,sí,8.2,2017-09-07
Chiapas,Rayón,07073,,sí,sí,8.2,2017-09-07
Chiapas,Reforma,07074,,sí,,8.2,2017-09-07
Chiapas,Las Rosas,07075,,sí,sí,8.2,2017-09-07
Chiapas,Sabanilla,07076,,sí,,8.2,2017-09-07
Chiapas,Salto de Agua,07077,,sí,,8.2,2017-09-07
Chiapas,San Cristóbal de las Casas,07078,,sí,sí,8.2,2017-09-07
Chiapas,San Fernando,07079,,sí,sí,8.2,2017-09-07
Chiapas,Siltepec,07080,,sí,sí,8.2,2017-09-07
Chiapas,Simojovel,07081,,sí,sí,8.2,2017-09-07
Chiapas,Sitalá,07082,,sí,,8.2,2017-09-07
Chiapas,Socoltenango,07083,,sí,sí,8.2,2017-09-07
Chiapas,Solosuchiapa,07084,,sí,sí,8.2,2017-09-07
Chiapas,Soyaló,07085,,sí,sí,8.2,2017-09-07
Chiapas,Suchiapa,07086,,sí,sí,8.2,2017-09-07
Chiapas,Suchiate,07087,,sí,sí,8.2,2017-09-07
Chiapas,Sunuapa,07088,,sí,,8.2,2017-09-07
Chiapas,Tapachula,07089,,sí,sí,8.2,2017-09-07
Chiapas,Tapalapa,07090,,sí,sí,8.2,2017-09-07
Chiapas,Tapilula,07091,,sí,,8.2,2017-09-07
Chiapas,Tecpatán,07092,,sí,sí,8.2,2017-09-07
Chiapas,Tenejapa,07093,,sí,sí,8.2,2017-09-07
Chiapas,Teopisca,07094,,sí,sí,8.2,2017-09-07
Chiapas,Tila,07096,,sí,,8.2,2017-09-07
Chiapas,Tonalá,07097,,sí,sí,8.2,2017-09-07
Chiapas,Totolapa,07098,,sí,sí,8.2,2017-09-07
Chiapas,La Trinitaria,07099,,sí,sí,8.2,2017-09-07
Chiapas,Tumbalá,07100,,sí,,8.2,2017-09-07
Chiapas,Tuxtla Gutiérrez,07101,,sí,sí,8.2,2017-09-07
Chiapas,Tuxtla Chico,07102,,sí,sí,8.2,2017-09-07
Chiapas,Tuzantán,07103,,sí,sí,8.2,2017-09-07
Chiapas,Tzimol,07104,,sí,sí,8.2,2017-09-07
Chiapas,Unión Juárez,07105,,sí,sí,8.2,2017-09-07
Chiapas,Venustiano Carranza,07106,,sí,sí,8.2,2017-09-07
Chiapas,Villa Corzo,07107,,sí,sí,8.2,2017-09-07
Chiapas,Villaflores,07108,,sí,sí,8.2,2017-09-07
Chiapas,Yajalón,07109,,sí,,8.2,2017-09-07
Chiapas,San Lucas,07110,,sí,sí,8.2,2017-09-07
Chiapas,Zinacantán,07111,,sí,sí,8.2,2017-09-07
Chiapas,San Juan Cancuc,07112,,sí,sí,8.2,2017-09-07
Chiapas,Aldama,07113,,sí,sí,8.2,2017-09-07
Chiapas,Benemérito de las Américas,07114,,sí,,8.2,2017-09-07
Chiapas,Maravilla Tenejapa,07115,,sí,,8.2,2017-09-07
Chiapas,Marqués de Comillas,07116,,sí,,8.2,2017-09-07
Chiapas,Montecristo de Guerrero,07117,,sí,sí,8.2,2017-09-07
Chiapas,San Andrés Duraznal,07118,,sí,sí,8.2,2017-09-07
Chiapas,Santiago el Pinar,07119,,sí,sí,8.2,2017-09-07
Chiapas,Emiliano Zapata,07121,,,sí,8.2,2017-09-07
Chiapas,El Parral,07122,,,sí,8.2,2017-09-07
Chiapas,Mezcalapa,07123,,,sí,8.2,2017-09-07
CIudad de México,Azcapotzalco,09002,,sí,sí,7.1,2017-09-19
CIudad de México,Coyoacán,09003,,sí,sí,7.1,2017-09-19
CIudad de México,Cuajimalpa de Morelos,09004,,sí,sí,7.1,2017-09-19
CIudad de México,Gustavo A. Madero,09005,,sí,sí,7.1,2017-09-19
CIudad de México,Iztacalco,09006,,sí,sí,7.1,2017-09-19
CIudad de México,Iztapalapa,09007,,sí,sí,7.1,2017-09-19
CIudad de México,La Magdalena Contreras,09008,,sí,sí,7.1,2017-09-19
CIudad de México,Milpa Alta,09009,,sí,sí,7.1,2017-09-19
CIudad de México,Álvaro Obregón,09010,,sí,sí,7.1,2017-09-19
CIudad de México,Tláhuac,09011,,sí,sí,7.1,2017-09-19
CIudad de México,Tlalpan,09012,,sí,sí,7.1,2017-09-19
CIudad de México,Xochimilco,09013,,sí,sí,7.1,2017-09-19
CIudad de México,Benito Juárez,09014,,sí,sí,7.1,2017-09-19
CIudad de México,Cuauhtémoc,09015,,sí,sí,7.1,2017-09-19
CIudad de México,Miguel Hidalgo,09016,,sí,sí,7.1,2017-09-19
CIudad de México,Venustiano Carranza,09017,,sí,sí,7.1,2017-09-19
Guerrero,Ahuacuotzingo,12002,,,sí,7.1,2017-09-19
Guerrero,Alcozauca de Guerrero,12004,,,sí,7.1,2017-09-19
Guerrero,Alpoyeca,12005,,,sí,7.1,2017-09-19
Guerrero,Atenango del Río,12008,,sí,sí,7.1,2017-09-19
Guerrero,Buenavista de Cuéllar,12015,,,sí,7.1,2017-09-19
Guerrero,Copalillo,12019,,sí,sí,7.1,2017-09-19
Guerrero,Cualác,12024,,,sí,7.1,2017-09-19
Guerrero,Huamuxtitlán,12033,,,sí,7.1,2017-09-19
Guerrero,Huitzuco de los Figueroa,12034,,sí,sí,7.1,2017-09-19
Guerrero,Iguala de la Independencia,12035,,,sí,7.1,2017-09-19
Guerrero,Mártir de Cuilapan,12042,,,sí,7.1,2017-09-19
Guerrero,Olinalá,12045,,,sí,7.1,2017-09-19
Guerrero,Pilcaya,12049,,,sí,7.1,2017-09-19
Guerrero,Taxco de Alarcón,12055,,,sí,7.1,2017-09-19
Guerrero,Tepecoacuilco de Trujano,12059,,sí,sí,7.1,2017-09-19
Guerrero,Tetipac,12060,,sí,sí,7.1,2017-09-19
Guerrero,Tlalixtaquilla de Maldonado,12065,,,sí,7.1,2017-09-19
Guerrero,Tlapa de Comonfort,12066,,,sí,7.1,2017-09-19
Guerrero,Xochihuehuetlán,12070,,,sí,7.1,2017-09-19
México,Amecameca,15009,,,sí,7.1,2017-09-19
México,Atlautla,15015,,,sí,7.1,2017-09-19
México,Ecatzingo,15034,,,sí,7.1,2017-09-19
México,Joquicingo,15049,,,sí,7.1,2017-09-19
México,Malinalco,15052,,,sí,7.1,2017-09-19
México,Nezahualcóyotl,15058,,,sí,7.1,2017-09-19
México,Ocuilan,15063,,,sí,7.1,2017-09-19
México,Tenancingo,15088,,,sí,7.1,2017-09-19
México,Tepetlixpa,15094,,,sí,7.1,2017-09-19
México,Tianguistenco,15101,,,sí,7.1,2017-09-19
México,Villa Guerrero,15113,,,sí,7.1,2017-09-19
México,Zumpahuacán,15119,,,sí,7.1,2017-09-19
Morelos,Amacuzac,17001,,sí,sí,7.1,2017-09-19
Morelos,Atlatlahucan,17002,,sí,sí,7.1,2017-09-19
Morelos,Axochiapan,17003,,sí,sí,7.1,2017-09-19
Morelos,Ayala,17004,,sí,sí,7.1,2017-09-19
Morelos,Coatlán del Río,17005,,sí,sí,7.1,2017-09-19
Morelos,Cuautla,17006,,sí,sí,7.1,2017-09-19
Morelos,Cuernavaca,17007,,sí,sí,7.1,2017-09-19
Morelos,Emiliano Zapata,17008,,sí,sí,7.1,2017-09-19
Morelos,Huitzilac,17009,,sí,sí,7.1,2017-09-19
Morelos,Jantetelco,17010,,sí,sí,7.1,2017-09-19
Morelos,Jiutepec,17011,,sí,sí,7.1,2017-09-19
Morelos,Jojutla,17012,,sí,sí,7.1,2017-09-19
Morelos,Jonacatepec,17013,,sí,sí,7.1,2017-09-19
Morelos,Mazatepec,17014,,sí,sí,7.1,2017-09-19
Morelos,Miacatlán,17015,,sí,sí,7.1,2017-09-19
Morelos,Ocuituco,17016,,sí,sí,7.1,2017-09-19
Morelos,Puente de Ixtla,17017,,sí,sí,7.1,2017-09-19
Morelos,Temixco,17018,,sí,sí,7.1,2017-09-19
Morelos,Tepalcingo,17019,,sí,sí,7.1,2017-09-19
Morelos,Tepoztlán,17020,,sí,sí,7.1,2017-09-19
Morelos,Tetecala,17021,,sí,sí,7.1,2017-09-19
Morelos,Tetela del Volcán,17022,,sí,sí,7.1,2017-09-19
Morelos,Tlalnepantla,17023,,sí,sí,7.1,2017-09-19
Morelos,Tlaltizapán,17024,,sí,sí,7.1,2017-09-19
Morelos,Tlaquiltenango,17025,,sí,sí,7.1,2017-09-19
Morelos,Tlayacapan,17026,,sí,sí,7.1,2017-09-19
Morelos,Totolapan,17027,,sí,sí,7.1,2017-09-19
Morelos,Xochitepec,17028,,sí,sí,7.1,2017-09-19
Morelos,Yautepec,17029,,sí,sí,7.1,2017-09-19
Morelos,Yecapixtla,17030,,sí,sí,7.1,2017-09-19
Morelos,Zacatepec,17031,,sí,sí,7.1,2017-09-19
Morelos,Zacualpan,17032,,sí,sí,7.1,2017-09-19
Morelos,Temoac,17033,,sí,sí,7.1,2017-09-19
Oaxaca,Asunción Cacalotepec,20003,,,sí,8.2,2017-09-07
Oaxaca,Asunción Cuyotepeji,20004,sí,,sí,7.1,2017-09-19
Oaxaca,Asunción Ixtaltepec,20005,,sí,sí,8.2,2017-09-07
Oaxaca,Asunción Ocotlán,20007,,,sí,8.2,2017-09-07
Oaxaca,Asunción Tlacolulita,20008,,,sí,8.2,2017-09-07
Oaxaca,El Barrio de la Soledad,20010,,sí,sí,8.2,2017-09-07
Oaxaca,Calihualá,20011,sí,,sí,7.1,2017-09-19
Oaxaca,Candelaria Loxicha,20012,,,sí,8.2,2017-09-07
Oaxaca,Ciénega de Zimatlán,20013,,,sí,8.2,2017-09-07
Oaxaca,Ciudad Ixtepec,20014,,sí,sí,8.2,2017-09-07
Oaxaca,Coatecas Altas,20015,,,sí,8.2,2017-09-07
Oaxaca,La Compañía,20017,,,sí,8.2,2017-09-07
Oaxaca,Concepción Buenavista,20018,sí,,,7.1,2017-09-19
Oaxaca,Cosoltepec,20022,sí,,sí,7.1,2017-09-19
Oaxaca,Cuilápam de Guerrero,20023,,,sí,8.2,2017-09-07
Oaxaca,Chahuites,20025,,sí,sí,8.2,2017-09-07
Oaxaca,Heroica Ciudad de Ejutla de Crespo,20028,,,sí,8.2,2017-09-07
Oaxaca,El Espinal,20030,,sí,sí,8.2,2017-09-07
Oaxaca,Tamazulapam del Espíritu Santo,20031,,,sí,8.2,2017-09-07
Oaxaca,Fresnillo de Trujano,20032,sí,,sí,7.1,2017-09-19
Oaxaca,Guadalupe Etla,20033,,,sí,8.2,2017-09-07
Oaxaca,Guadalupe de Ramírez,20034,sí,,sí,7.1,2017-09-19
Oaxaca,Guelatao de Juárez,20035,,,sí,8.2,2017-09-07
Oaxaca,Guevea de Humboldt,20036,,sí,sí,8.2,2017-09-07
Oaxaca,Villa Hidalgo,20038,,,sí,8.2,2017-09-07
Oaxaca,Heroica Ciudad de Huajuapan de León,20039,sí,,sí,7.1,2017-09-19
Oaxaca,Ixtlán de Juárez,20042,,,sí,8.2,2017-09-07
Oaxaca,Heroica Ciudad de Juchitán de Zaragoza,20043,,sí,sí,8.2,2017-09-07
Oaxaca,Santa Magdalena Jicotlán,20047,sí,,sí,7.1,2017-09-19
Oaxaca,Magdalena Mixtepec,20048,,,sí,8.2,2017-09-07
Oaxaca,Magdalena Ocotlán,20049,,,sí,8.2,2017-09-07
Oaxaca,Magdalena Teitipac,20051,,,sí,8.2,2017-09-07
Oaxaca,Magdalena Tequisistlán,20052,,sí,sí,8.2,2017-09-07
Oaxaca,Magdalena Tlacotepec,20053,,sí,sí,8.2,2017-09-07
Oaxaca,Mariscala de Juárez,20055,sí,,sí,7.1,2017-09-19
Oaxaca,Matías Romero Avendaño,20057,,sí,sí,8.2,2017-09-07
Oaxaca,Miahuatlán de Porfirio Díaz,20059,,,sí,8.2,2017-09-07
Oaxaca,Mixistlán de la Reforma,20060,,,sí,8.2,2017-09-07
Oaxaca,Monjas,20061,,,sí,8.2,2017-09-07
Oaxaca,Natividad,20062,,,sí,8.2,2017-09-07
Oaxaca,Nejapa de Madero,20064,,,sí,8.2,2017-09-07
Oaxaca,Ixpantepec Nieves,20065,sí,,sí,7.1,2017-09-19
Oaxaca,Santiago Niltepec,20066,,sí,sí,8.2,2017-09-07
Oaxaca,Oaxaca de Juárez,20067,,,sí,8.2,2017-09-07
Oaxaca,Ocotlán de Morelos,20068,,,sí,8.2,2017-09-07
Oaxaca,La Pe,20069,,,sí,8.2,2017-09-07
Oaxaca,Pluma Hidalgo,20071,,,sí,8.2,2017-09-07
Oaxaca,San José del Progreso,20072,,,sí,8.2,2017-09-07
Oaxaca,Santa Catarina Quioquitani,20074,,,sí,8.2,2017-09-07
Oaxaca,Reforma de Pineda,20075,,sí,sí,8.2,2017-09-07
Oaxaca,Rojas de Cuauhtémoc,20078,,,sí,8.2,2017-09-07
Oaxaca,Salina Cruz,20079,,sí,sí,8.2,2017-09-07
Oaxaca,San Agustín Amatengo,20080,,,sí,8.2,2017-09-07
Oaxaca,San Agustín Atenango,20081,sí,,sí,7.1,2017-09-19
Oaxaca,San Agustín de las Juntas,20083,,,sí,8.2,2017-09-07
Oaxaca,San Agustín Etla,20084,,,sí,8.2,2017-09-07
Oaxaca,San Agustín Loxicha,20085,,,sí,8.2,2017-09-07
Oaxaca,San Agustín Yatareni,20087,,,sí,8.2,2017-09-07
Oaxaca,San Andrés Dinicuiti,20089,sí,,sí,7.1,2017-09-19
Oaxaca,San Andrés Huayápam,20091,,,sí,8.2,2017-09-07
Oaxaca,San Andrés Ixtlahuaca,20092,,,sí,8.2,2017-09-07
Oaxaca,San Andrés Lagunas,20093,sí,,sí,7.1,2017-09-19
Oaxaca,San Andrés Paxtlán,20095,,,sí,8.2,2017-09-07
Oaxaca,San Andrés Solaga,20097,,,sí,8.2,2017-09-07
Oaxaca,San Andrés Tepetlapa,20099,sí,,sí,7.1,2017-09-19
Oaxaca,San Andrés Yaá,20100,,,sí,8.2,2017-09-07
Oaxaca,San Andrés Zabache,20101,,,sí,8.2,2017-09-07
Oaxaca,San Antonino Castillo Velasco,20103,,,sí,8.2,2017-09-07
Oaxaca,San Antonino el Alto,20104,,,sí,8.2,2017-09-07
Oaxaca,San Antonino Monte Verde,20105,sí,,sí,7.1,2017-09-19
Oaxaca,San Antonio Acutla,20106,sí,,sí,,2017-09-19
Oaxaca,San Antonio de la Cal,20107,,,sí,8.2,2017-09-07
Oaxaca,San Baltazar Chichicápam,20112,,,sí,8.2,2017-09-07
Oaxaca,San Baltazar Loxicha,20113,,,sí,8.2,2017-09-07
Oaxaca,San Baltazar Yatzachi el Bajo,20114,,,sí,8.2,2017-09-07
Oaxaca,San Bartolo Coyotepec,20115,,,sí,8.2,2017-09-07
Oaxaca,San Bartolomé Loxicha,20117,,,sí,8.2,2017-09-07
Oaxaca,San Bartolomé Quialana,20118,,,sí,8.2,2017-09-07
Oaxaca,San Bartolomé Zoogocho,20120,,,sí,8.2,2017-09-07
Oaxaca,San Bartolo Yautepec,20122,,,sí,8.2,2017-09-07
Oaxaca,San Bernardo Mixtepec,20123,,,sí,8.2,2017-09-07
Oaxaca,San Blas Atempa,20124,,sí,sí,8.2,2017-09-07
Oaxaca,San Carlos Yautepec,20125,,,sí,8.2,2017-09-07
Oaxaca,San Cristóbal Amatlán,20126,,,sí,8.2,2017-09-07
Oaxaca,San Cristóbal Lachirioag,20128,,,sí,8.2,2017-09-07
Oaxaca,San Cristóbal Suchixtlahuaca,20129,sí,,sí,7.1,2017-09-19
Oaxaca,San Dionisio del Mar,20130,,sí,sí,8.2,2017-09-07
Oaxaca,San Dionisio Ocotepec,20131,,,sí,8.2,2017-09-07
Oaxaca,San Dionisio Ocotlán,20132,,,sí,8.2,2017-09-07
Oaxaca,San Felipe Tejalápam,20135,,,sí,8.2,2017-09-07
Oaxaca,San Francisco Cajonos,20138,,,sí,8.2,2017-09-07
Oaxaca,San Francisco del Mar,20141,,sí,sí,8.2,2017-09-07
Oaxaca,San Francisco Ixhuatán,20143,,sí,sí,8.2,2017-09-07
Oaxaca,San Francisco Lachigoló,20145,,,sí,8.2,2017-09-07
Oaxaca,San Francisco Logueche,20146,,,sí,8.2,2017-09-07
Oaxaca,San Francisco Ozolotepec,20148,,,sí,8.2,2017-09-07
Oaxaca,San Francisco Sola,20149,,,sí,8.2,2017-09-07
Oaxaca,San Francisco Teopan,20151,sí,,sí,7.1,2017-09-19
Oaxaca,San Francisco Tlapancingo,20152,sí,,sí,7.1,2017-09-19
Oaxaca,San Gabriel Mixtepec,20153,,,sí,8.2,2017-09-07
Oaxaca,San Ildefonso Amatlán,20154,,,sí,8.2,2017-09-07
Oaxaca,San Ildefonso Sola,20155,,,sí,8.2,2017-09-07
Oaxaca,San Ildefonso Villa Alta,20156,,,sí,8.2,2017-09-07
Oaxaca,San Jacinto Amilpas,20157,,,sí,8.2,2017-09-07
Oaxaca,San Jerónimo Coatlán,20159,,,sí,8.2,2017-09-07
Oaxaca,San Jerónimo Silacayoapilla,20160,sí,,sí,7.1,2017-09-19
Oaxaca,San Jerónimo Taviche,20162,,,sí,8.2,2017-09-07
Oaxaca,San Jorge Nuchita,20164,sí,,sí,7.1,2017-09-19
Oaxaca,San José Ayuquila,20165,sí,,sí,7.1,2017-09-19
Oaxaca,San José del Peñasco,20167,,,sí,8.2,2017-09-07
Oaxaca,San José Lachiguiri,20170,,,sí,8.2,2017-09-07
Oaxaca,Ánimas Trujano,20174,,,sí,8.2,2017-09-07
Oaxaca,San Juan Bautista Suchitepec,20181,sí,,sí,7.1,2017-09-19
Oaxaca,San Juan Bautista Tlachichilco,20183,sí,,sí,7.1,2017-09-19
Oaxaca,San Juan Bautista Tuxtepec,20184,,,sí,8.2,2017-09-07
Oaxaca,San Juan Cacahuatepec,20185,,,sí,8.2,2017-09-07
Oaxaca,San Juan Cieneguilla,20186,sí,,sí,7.1,2017-09-19
Oaxaca,San Juan Comaltepec,20189,,,sí,8.2,2017-09-07
Oaxaca,San Juan Cotzocón,20190,,,sí,8.2,2017-09-07
Oaxaca,San Juan Chicomezúchil,20191,,,sí,8.2,2017-09-07
Oaxaca,San Juan Chilateca,20192,,,sí,8.2,2017-09-07
Oaxaca,San Juan del Río,20194,,,sí,8.2,2017-09-07
Oaxaca,San Juan Guelavía,20197,,,sí,8.2,2017-09-07
Oaxaca,San Juan Guichicovi,20198,,sí,sí,8.2,2017-09-07
Oaxaca,San Juan Ihualtepec,20199,sí,,sí,7.1,2017-09-19
Oaxaca,San Juan Juquila Mixes,20200,,,sí,8.2,2017-09-07
Oaxaca,San Juan Juquila Vijanos,20201,,,sí,8.2,2017-09-07
Oaxaca,San Juan Lachao,20202,,,sí,8.2,2017-09-07
Oaxaca,San Juan Lachigalla,20203,,,sí,8.2,2017-09-07
Oaxaca,San Juan Lajarcia,20204,,,sí,8.2,2017-09-07
Oaxaca,San Juan Lalana,20205,,,sí,8.2,2017-09-07
Oaxaca,San Juan Mazatlán,20207,,,sí,8.2,2017-09-07
Oaxaca,San Juan Mixtepec - Distrito 08 -,20208,sí,,sí,7.1,2017-09-19
Oaxaca,San Juan Mixtepec - Distrito 26 -,20209,,,sí,8.2,2017-09-07
Oaxaca,San Juan Ñumí,20210,sí,,sí,7.1,2017-09-19
Oaxaca,San Juan Ozolotepec,20211,,,sí,8.2,2017-09-07
Oaxaca,San Juan Petlapa,20212,,,sí,8.2,2017-09-07
Oaxaca,San Juan Quiahije,20213,,,sí,8.2,2017-09-07
Oaxaca,San Juan Tabaá,20216,,,sí,8.2,2017-09-07
Oaxaca,San Juan Teitipac,20219,,,sí,8.2,2017-09-07
Oaxaca,San Juan Yaeé,20222,,,sí,8.2,2017-09-07
Oaxaca,San Juan Yatzona,20223,,,sí,8.2,2017-09-07
Oaxaca,San Lorenzo Albarradas,20226,,,sí,8.2,2017-09-07
Oaxaca,San Lorenzo Cacaotepec,20227,,,sí,8.2,2017-09-07
Oaxaca,San Lorenzo Texmelucan,20229,,,sí,8.2,2017-09-07
Oaxaca,San Lorenzo Victoria,20230,sí,,sí,7.1,2017-09-19
Oaxaca,San Lucas Camotlán,20231,,,sí,8.2,2017-09-07
Oaxaca,San Lucas Quiaviní,20233,,,sí,8.2,2017-09-07
Oaxaca,San Luis Amatlán,20235,,,sí,8.2,2017-09-07
Oaxaca,San Marcial Ozolotepec,20236,,,sí,8.2,2017-09-07
Oaxaca,San Marcos Arteaga,20237,sí,,sí,7.1,2017-09-19
Oaxaca,San Martín de los Cansecos,20238,,,sí,8.2,2017-09-07
Oaxaca,San Martín Lachilá,20241,,,sí,8.2,2017-09-07
Oaxaca,San Martín Peras,20242,sí,,sí,7.1,2017-09-19
Oaxaca,San Martín Tilcajete,20243,,,sí,8.2,2017-09-07
Oaxaca,San Martín Zacatepec,20245,sí,,sí,7.1,2017-09-19
Oaxaca,San Mateo Cajonos,20246,,,sí,8.2,2017-09-07
Oaxaca,Capulálpam de Méndez,20247,,,sí,8.2,2017-09-07
Oaxaca,San Mateo del Mar,20248,,sí,sí,8.2,2017-09-07
Oaxaca,San Mateo Nejápam,20251,sí,,sí,7.1,2017-09-19
Oaxaca,San Mateo Piñas,20253,,,sí,8.2,2017-09-07
Oaxaca,San Mateo Río Hondo,20254,,,sí,8.2,2017-09-07
Oaxaca,San Mateo Tlapiltepec,20256,sí,,sí,7.1,2017-09-19
Oaxaca,San Melchor Betaza,20257,,,sí,8.2,2017-09-07
Oaxaca,San Miguel Ahuehuetitlán,20259,sí,,sí,7.1,2017-09-19
Oaxaca,San Miguel Amatitlán,20261,sí,,sí,7.1,2017-09-19
Oaxaca,San Miguel Amatlán,20262,,,sí,8.2,2017-09-07
Oaxaca,San Miguel Coatlán,20263,,,sí,8.2,2017-09-07
Oaxaca,San Miguel Chimalapa,20265,,sí,sí,8.2,2017-09-07
Oaxaca,San Miguel del Puerto,20266,,,sí,8.2,2017-09-07
Oaxaca,San Miguel del Río,20267,,,sí,8.2,2017-09-07
Oaxaca,San Miguel Ejutla,20268,,,sí,8.2,2017-09-07
Oaxaca,San Miguel Mixtepec,20271,,,sí,8.2,2017-09-07
Oaxaca,San Miguel Panixtlahuaca,20272,,,sí,8.2,2017-09-07
Oaxaca,San Miguel Peras,20273,,,sí,8.2,2017-09-07
Oaxaca,San Miguel Piedras,20274,,,sí,8.2,2017-09-07
Oaxaca,San Miguel Quetzaltepec,20275,,,sí,8.2,2017-09-07
Oaxaca,Villa Sola de Vega,20277,,,sí,8.2,2017-09-07
Oaxaca,San Miguel Suchixtepec,20279,,,sí,8.2,2017-09-07
Oaxaca,Villa Talea de Castro,20280,,,sí,8.2,2017-09-07
Oaxaca,San Miguel Tenango,20282,,sí,sí,8.2,2017-09-07
Oaxaca,San Miguel Tilquiápam,20284,,,sí,8.2,2017-09-07
Oaxaca,San Miguel Tlacotepec,20286,sí,,sí,7.1,2017-09-19
Oaxaca,San Miguel Tulancingo,20287,sí,,sí,7.1,2017-09-19
Oaxaca,San Miguel Yotao,20288,,,sí,8.2,2017-09-07
Oaxaca,San Nicolás,20289,,,sí,8.2,2017-09-07
Oaxaca,San Nicolás Hidalgo,20290,sí,,sí,7.1,2017-09-19
Oaxaca,San Pablo Coatlán,20291,,,sí,8.2,2017-09-07
Oaxaca,San Pablo Cuatro Venados,20292,,,sí,8.2,2017-09-07
Oaxaca,San Pablo Etla,20293,,,sí,8.2,2017-09-07
Oaxaca,San Pablo Huixtepec,20295,,,sí,8.2,2017-09-07
Oaxaca,San Pablo Villa de Mitla,20298,,,sí,8.2,2017-09-07
Oaxaca,San Pablo Yaganiza,20299,,,sí,8.2,2017-09-07
Oaxaca,San Pedro Apóstol,20301,,,sí,8.2,2017-09-07
Oaxaca,San Pedro Cajonos,20303,,,sí,8.2,2017-09-07
Oaxaca,San Pedro Comitancillo,20305,,sí,sí,8.2,2017-09-07
Oaxaca,San Pedro el Alto,20306,,,sí,8.2,2017-09-07
Oaxaca,San Pedro Huamelula,20307,,sí,sí,8.2,2017-09-07
Oaxaca,San Pedro Huilotepec,20308,,sí,sí,8.2,2017-09-07
Oaxaca,San Pedro Ixtlahuaca,20310,,,sí,8.2,2017-09-07
Oaxaca,San Pedro Juchatengo,20314,,,sí,8.2,2017-09-07
Oaxaca,San Pedro Mártir,20315,,,sí,8.2,2017-09-07
Oaxaca,San Pedro Mártir Quiechapa,20316,,,sí,8.2,2017-09-07
Oaxaca,San Pedro Mártir Yucuxaco,20317,sí,,sí,7.1,2017-09-19
Oaxaca,San Pedro Mixtepec - Distrito 22 -,20318,,,sí,8.2,2017-09-07
Oaxaca,San Pedro Mixtepec - Distrito 26 -,20319,,,sí,8.2,2017-09-07
Oaxaca,San Pedro Nopala,20321,sí,,sí,7.1,2017-09-19
Oaxaca,San Pedro Ocotepec,20323,,,sí,8.2,2017-09-07
Oaxaca,San Pedro Pochutla,20324,,,sí,8.2,2017-09-07
Oaxaca,San Pedro Quiatoni,20325,,,sí,8.2,2017-09-07
Oaxaca,San Pedro Tapanatepec,20327,,sí,sí,8.2,2017-09-07
Oaxaca,San Pedro Taviche,20328,,,sí,8.2,2017-09-07
Oaxaca,San Pedro Totolápam,20333,,,sí,8.2,2017-09-07
Oaxaca,San Pedro Yaneri,20335,,,sí,8.2,2017-09-07
Oaxaca,San Pedro y San Pablo Ayutla,20337,,,sí,8.2,2017-09-07
Oaxaca,San Pedro y San Pablo Teposcolula,20339,sí,,sí,7.1,2017-09-19
Oaxaca,San Pedro y San Pablo Tequixtepec,20340,sí,,sí,7.1,2017-09-19
Oaxaca,San Pedro Yucunama,20341,sí,,sí,7.1,2017-09-19
Oaxaca,San Raymundo Jalpan,20342,,,sí,8.2,2017-09-07
Oaxaca,San Sebastián Abasolo,20343,,,sí,8.2,2017-09-07
Oaxaca,San Sebastián Coatlán,20344,,,sí,8.2,2017-09-07
Oaxaca,San Sebastián Nicananduta,20346,sí,,sí,7.1,2017-09-19
Oaxaca,San Sebastián Río Hondo,20347,,,sí,8.2,2017-09-07
Oaxaca,San Sebastián Tecomaxtlahuaca,20348,sí,,sí,7.1,2017-09-19
Oaxaca,San Sebastián Teitipac,20349,,,sí,8.2,2017-09-07
Oaxaca,San Sebastián Tutla,20350,,,sí,8.2,2017-09-07
Oaxaca,San Simón Almolongas,20351,,,sí,8.2,2017-09-07
Oaxaca,San Simón Zahuatlán,20352,sí,,sí,7.1,2017-09-19
Oaxaca,Santa Ana,20353,,,sí,8.2,2017-09-07
Oaxaca,Santa Ana del Valle,20356,,,sí,8.2,2017-09-07
Oaxaca,Santa Ana Tavela,20357,,,sí,8.2,2017-09-07
Oaxaca,Santa Ana Tlapacoyan,20358,,,sí,8.2,2017-09-07
Oaxaca,Santa Ana Zegache,20360,,,sí,8.2,2017-09-07
Oaxaca,Santa Catalina Quierí,20361,,,sí,8.2,2017-09-07
Oaxaca,Santa Catarina Cuixtla,20362,,,sí,8.2,2017-09-07
Oaxaca,Santa Catarina Ixtepeji,20363,,,sí,8.2,2017-09-07
Oaxaca,Santa Catarina Juquila,20364,,,sí,8.2,2017-09-07
Oaxaca,Santa Catarina Lachatao,20365,,,sí,8.2,2017-09-07
Oaxaca,Santa Catarina Loxicha,20366,,,sí,8.2,2017-09-07
Oaxaca,Santa Catarina Minas,20368,,,sí,8.2,2017-09-07
Oaxaca,Santa Catarina Quiané,20369,,,sí,8.2,2017-09-07
Oaxaca,Santa Catarina Zapoquila,20373,sí,,sí,7.1,2017-09-19
Oaxaca,Santa Cruz Amilpas,20375,,,sí,8.2,2017-09-07
Oaxaca,Santa Cruz de Bravo,20376,sí,,sí,7.1,2017-09-19
Oaxaca,Santa Cruz Mixtepec,20378,,,sí,8.2,2017-09-07
Oaxaca,Santa Cruz Papalutla,20380,,,sí,8.2,2017-09-07
Oaxaca,Santa Cruz Tacache de Mina,20381,sí,,sí,7.1,2017-09-19
Oaxaca,Santa Cruz Xitla,20384,,,sí,8.2,2017-09-07
Oaxaca,Santa Cruz Xoxocotlán,20385,,,sí,8.2,2017-09-07
Oaxaca,Santa Gertrudis,20387,,,sí,8.2,2017-09-07
Oaxaca,Santa Inés del Monte,20388,,,sí,8.2,2017-09-07
Oaxaca,Santa Inés Yatzeche,20389,,,sí,8.2,2017-09-07
Oaxaca,Santa Lucía del Camino,20390,,,sí,8.2,2017-09-07
Oaxaca,Santa Lucía Miahuatlán,20391,,,sí,8.2,2017-09-07
Oaxaca,Santa Lucía Ocotlán,20393,,,sí,8.2,2017-09-07
Oaxaca,Santa María Alotepec,20394,,,sí,8.2,2017-09-07
Oaxaca,Ayoquezco de Aldama,20398,,,sí,8.2,2017-09-07
Oaxaca,Santa María Atzompa,20399,,,sí,8.2,2017-09-07
Oaxaca,Santa María Camotlán,20400,sí,,sí,7.1,2017-09-19
Oaxaca,Santa María Colotepec,20401,,,sí,8.2,2017-09-07
Oaxaca,Santa María Coyotepec,20403,,,sí,8.2,2017-09-07
Oaxaca,Villa de Chilapa de Díaz,20405,sí,,sí,7.1,2017-09-19
Oaxaca,Santa María Chimalapa,20407,,sí,sí,8.2,2017-09-07
Oaxaca,Santa María del Tule,20409,,,sí,8.2,2017-09-07
Oaxaca,Santa María Ecatepec,20410,,,sí,8.2,2017-09-07
Oaxaca,Santa María Guelacé,20411,,,sí,8.2,2017-09-07
Oaxaca,Santa María Guienagati,20412,,sí,sí,8.2,2017-09-07
Oaxaca,Santa María Huatulco,20413,,,sí,8.2,2017-09-07
Oaxaca,Santa María Jalapa del Marqués,20418,,sí,sí,8.2,2017-09-07
Oaxaca,Santa María Jaltianguis,20419,,,sí,8.2,2017-09-07
Oaxaca,Santa María Lachixío,20420,,,sí,8.2,2017-09-07
Oaxaca,Santa María Mixtequilla,20421,,sí,sí,8.2,2017-09-07
Oaxaca,Santa María Ozolotepec,20424,,,sí,8.2,2017-09-07
Oaxaca,Santa María Petapa,20427,,sí,sí,8.2,2017-09-07
Oaxaca,Santa María Quiegolani,20428,,,sí,8.2,2017-09-07
Oaxaca,Santa María Sola,20429,,,sí,8.2,2017-09-07
Oaxaca,Santa María Temaxcalapa,20432,,,sí,8.2,2017-09-07
Oaxaca,Santa María Temaxcaltepec,20433,,,sí,8.2,2017-09-07
Oaxaca,Santa María Tepantlali,20435,,,sí,8.2,2017-09-07
Oaxaca,Santa María Texcatitlán,20436,,,sí,7.1,2017-09-19
Oaxaca,Santa María Tlahuitoltepec,20437,,,sí,8.2,2017-09-07
Oaxaca,Santa María Tonameca,20439,,,sí,8.2,2017-09-07
Oaxaca,Santa María Totolapilla,20440,,sí,sí,8.2,2017-09-07
Oaxaca,Santa María Xadani,20441,,sí,sí,8.2,2017-09-07
Oaxaca,Santa María Yalina,20442,,,sí,8.2,2017-09-07
Oaxaca,Santa María Yavesía,20443,,,sí,8.2,2017-09-07
Oaxaca,Santa María Zoquitlán,20449,,,sí,8.2,2017-09-07
Oaxaca,Santiago Apóstol,20452,,,sí,8.2,2017-09-07
Oaxaca,Santiago Astata,20453,,sí,sí,8.2,2017-09-07
Oaxaca,Santiago Atitlán,20454,,,sí,8.2,2017-09-07
Oaxaca,Santiago Ayuquililla,20455,sí,,sí,7.1,2017-09-19
Oaxaca,Santiago Cacaloxtepec,20456,sí,,sí,7.1,2017-09-19
Oaxaca,Santiago Camotlán,20457,,,sí,8.2,2017-09-07
Oaxaca,Santiago Chazumba,20459,sí,,sí,7.1,2017-09-19
Oaxaca,Santiago Choapam,20460,,,sí,8.2,2017-09-07
Oaxaca,Santiago del Río,20461,sí,,sí,7.1,2017-09-19
Oaxaca,Santiago Huajolotitlán,20462,sí,,sí,7.1,2017-09-19
Oaxaca,Santiago Ihuitlán Plumas,20464,sí,,sí,7.1,2017-09-19
Oaxaca,Santiago Ixcuintepec,20465,,,sí,8.2,2017-09-07
Oaxaca,Santiago Jamiltepec,20467,,,sí,8.2,2017-09-07
Oaxaca,Santiago Jocotepec,20468,,,sí,8.2,2017-09-07
Oaxaca,Santiago Lachiguiri,20470,,sí,sí,8.2,2017-09-07
Oaxaca,Santiago Lalopa,20471,,,sí,8.2,2017-09-07
Oaxaca,Santiago Laollaga,20472,,sí,sí,8.2,2017-09-07
Oaxaca,Santiago Laxopa,20473,,,sí,8.2,2017-09-07
Oaxaca,Santiago Matatlán,20475,,,sí,8.2,2017-09-07
Oaxaca,Santiago Miltepec,20476,sí,,sí,7.1,2017-09-19
Oaxaca,Santiago Minas,20477,,,sí,8.2,2017-09-07
Oaxaca,Santiago Tamazola,20484,sí,,sí,7.1,2017-09-19
Oaxaca,Villa Tejúpam de la Unión,20486,sí,,sí,7.1,2017-09-19
Oaxaca,Santiago Tepetlapa,20488,sí,,sí,7.1,2017-09-19
Oaxaca,Santiago Xanica,20495,,,sí,8.2,2017-09-07
Oaxaca,Santiago Xiacuí,20496,,,sí,8.2,2017-09-07
Oaxaca,Santiago Yaitepec,20497,,,sí,8.2,2017-09-07
Oaxaca,Santiago Yaveo,20498,,,sí,8.2,2017-09-07
Oaxaca,Santiago Yucuyachi,20501,sí,,sí,7.1,2017-09-19
Oaxaca,Santiago Zacatepec,20502,,,sí,8.2,2017-09-07
Oaxaca,Santiago Zoochila,20503,,,sí,8.2,2017-09-07
Oaxaca,Nuevo Zoquiapam,20504,,,sí,8.2,2017-09-07
Oaxaca,Santo Domingo Ingenio,20505,,sí,sí,8.2,2017-09-07
Oaxaca,Santo Domingo Albarradas,20506,,,sí,8.2,2017-09-07
Oaxaca,Santo Domingo Chihuitán,20508,,sí,sí,8.2,2017-09-07
Oaxaca,Santo Domingo de Morelos,20509,,,sí,8.2,2017-09-07
Oaxaca,Santo Domingo Ozolotepec,20512,,,sí,8.2,2017-09-07
Oaxaca,Santo Domingo Petapa,20513,,sí,sí,8.2,2017-09-07
Oaxaca,Santo Domingo Roayaga,20514,,,sí,8.2,2017-09-07
Oaxaca,Santo Domingo Tehuantepec,20515,,sí,sí,8.2,2017-09-07
Oaxaca,Santo Domingo Teojomulco,20516,,,sí,8.2,2017-09-07
Oaxaca,Santo Domingo Tepuxtepec,20517,,,sí,8.2,2017-09-07
Oaxaca,Santo Domingo Tomaltepec,20519,,,sí,8.2,2017-09-07
Oaxaca,Santo Domingo Tonalá,20520,sí,,sí,7.1,2017-09-19
Oaxaca,Santo Domingo Xagacía,20522,,,sí,8.2,2017-09-07
Oaxaca,Santo Domingo Yodohino,20524,sí,,sí,7.1,2017-09-19
Oaxaca,Santo Domingo Zanatepec,20525,,sí,sí,8.2,2017-09-07
Oaxaca,Santos Reyes Nopala,20526,,,sí,8.2,2017-09-07
Oaxaca,Santos Reyes Tepejillo,20528,sí,,sí,7.1,2017-09-19
Oaxaca,Santos Reyes Yucuná,20529,sí,,sí,7.1,2017-09-19
Oaxaca,Santo Tomás Jalieza,20530,,,sí,8.2,2017-09-07
Oaxaca,Santo Tomás Tamazulapan,20533,,,sí,8.2,2017-09-07
Oaxaca,San Vicente Coatlán,20534,,,sí,8.2,2017-09-07
Oaxaca,San Vicente Lachixío,20535,,,sí,8.2,2017-09-07
Oaxaca,Silacayoápam,20537,sí,,sí,7.1,2017-09-19
Oaxaca,Sitio de Xitlapehua,20538,,,sí,8.2,2017-09-07
Oaxaca,Soledad Etla,20539,,,sí,8.2,2017-09-07
Oaxaca,Villa de Tamazulápam del Progreso,20540,sí,,sí,7.1,2017-09-19
Oaxaca,Tanetze de Zaragoza,20541,,,sí,8.2,2017-09-07
Oaxaca,Taniche,20542,,,sí,8.2,2017-09-07
Oaxaca,Teococuilco de Marcos Pérez,20544,,,sí,8.2,2017-09-07
Oaxaca,Teotitlán del Valle,20546,,,sí,8.2,2017-09-07
Oaxaca,Teotongo,20547,sí,,sí,7.1,2017-09-19
Oaxaca,Tezoatlán de Segura y Luna,20549,sí,,sí,7.1,2017-09-19
Oaxaca,San Jerónimo Tlacochahuaya,20550,,,sí,8.2,2017-09-07
Oaxaca,Tlacolula de Matamoros,20551,,,sí,8.2,2017-09-07
Oaxaca,Tlacotepec Plumas,20552,sí,,sí,7.1,2017-09-19
Oaxaca,Tlalixtac de Cabrera,20553,,,sí,8.2,2017-09-07
Oaxaca,Totontepec Villa de Morelos,20554,,,sí,8.2,2017-09-07
Oaxaca,Trinidad Zaachila,20555,,,sí,8.2,2017-09-07
Oaxaca,La Trinidad Vista Hermosa,20556,sí,,,7.1,2017-09-19
Oaxaca,Unión Hidalgo,20557,,sí,sí,8.2,2017-09-07
Oaxaca,Villa Díaz Ordaz,20560,,,sí,8.2,2017-09-07
Oaxaca,Yaxe,20561,,,sí,8.2,2017-09-07
Oaxaca,Yogana,20563,,,sí,8.2,2017-09-07
Oaxaca,Villa de Zaachila,20565,,,sí,8.2,2017-09-07
Oaxaca,Zapotitlán Lagunas,20567,sí,,sí,7.1,2017-09-19
Oaxaca,Zapotitlán Palmas,20568,sí,,sí,7.1,2017-09-19
Oaxaca,Zimatlán de Álvarez,20570,,,sí,8.2,2017-09-07
Puebla,Acajete,21001,,sí,sí,7.1,2017-09-19
Puebla,Acatlán,21003,,sí,sí,7.1,2017-09-19
Puebla,Acteopan,21005,,sí,sí,7.1,2017-09-19
Puebla,Ahuatlán,21007,,sí,sí,7.1,2017-09-19
Puebla,Ahuehuetitla,21009,,sí,sí,7.1,2017-09-19
Puebla,Albino Zertuche,21011,,sí,sí,7.1,2017-09-19
Puebla,Amozoc,21015,,sí,sí,7.1,2017-09-19
Puebla,Atexcal,21018,,sí,sí,7.1,2017-09-19
Puebla,Atlixco,21019,,sí,sí,7.1,2017-09-19
Puebla,Atoyatempan,21020,,sí,sí,7.1,2017-09-19
Puebla,Atzala,21021,,sí,sí,7.1,2017-09-19
Puebla,Atzitzihuacán,21022,,sí,sí,7.1,2017-09-19
Puebla,Axutla,21024,,sí,sí,7.1,2017-09-19
Puebla,Calpan,21026,,sí,sí,7.1,2017-09-19
Puebla,Caltepec,21027,,sí,sí,7.1,2017-09-19
Puebla,Coatzingo,21031,,sí,sí,7.1,2017-09-19
Puebla,Cohetzala,21032,,sí,sí,7.1,2017-09-19
Puebla,Cohuecan,21033,,sí,sí,7.1,2017-09-19
Puebla,Coronango,21034,,sí,sí,7.1,2017-09-19
Puebla,Coyotepec,21037,,sí,sí,7.1,2017-09-19
Puebla,Cuapiaxtla de Madero,21038,,sí,sí,7.1,2017-09-19
Puebla,Cuautinchán,21040,,sí,sí,7.1,2017-09-19
Puebla,Cuautlancingo,21041,,sí,sí,7.1,2017-09-19
Puebla,Cuayuca de Andrade,21042,,sí,sí,7.1,2017-09-19
Puebla,Chiautla,21047,,sí,sí,7.1,2017-09-19
Puebla,Chiautzingo,21048,,sí,sí,7.1,2017-09-19
Puebla,Chietla,21051,,sí,sí,7.1,2017-09-19
Puebla,Chigmecatitlán,21052,,sí,sí,7.1,2017-09-19
Puebla,Chila,21055,,sí,sí,7.1,2017-09-19
Puebla,Chila de la Sal,21056,,sí,sí,7.1,2017-09-19
Puebla,Chinantla,21059,,sí,sí,7.1,2017-09-19
Puebla,Domingo Arenas,21060,,sí,sí,7.1,2017-09-19
Puebla,Epatlán,21062,,sí,sí,7.1,2017-09-19
Puebla,Guadalupe,21066,,sí,sí,7.1,2017-09-19
Puebla,Huaquechula,21069,,sí,sí,7.1,2017-09-19
Puebla,Huatlatlauca,21070,,sí,sí,7.1,2017-09-19
Puebla,Huehuetlán el Chico,21073,,sí,sí,7.1,2017-09-19
Puebla,Huejotzingo,21074,,sí,sí,7.1,2017-09-19
Puebla,Huitziltepec,21079,,sí,sí,7.1,2017-09-19
Puebla,Ixcamilpa de Guerrero,21081,,sí,sí,7.1,2017-09-19
Puebla,Ixcaquixtla,21082,,sí,sí,7.1,2017-09-19
Puebla,Izúcar de Matamoros,21085,,sí,sí,7.1,2017-09-19
Puebla,Jolalpan,21087,,sí,sí,7.1,2017-09-19
Puebla,Juan C. Bonilla,21090,,sí,sí,7.1,2017-09-19
Puebla,Juan N. Méndez,21092,,sí,sí,7.1,2017-09-19
Puebla,La Magdalena Tlatlauquitepec,21095,,sí,sí,7.1,2017-09-19
Puebla,Mixtla,21097,,sí,sí,7.1,2017-09-19
Puebla,Molcaxac,21098,,sí,sí,7.1,2017-09-19
Puebla,Nealtican,21102,,sí,sí,7.1,2017-09-19
Puebla,Ocoyucan,21106,,sí,sí,7.1,2017-09-19
Puebla,Petlalcingo,21112,,sí,sí,7.1,2017-09-19
Puebla,Piaxtla,21113,,sí,sí,7.1,2017-09-19
Puebla,Puebla,21114,,sí,sí,7.1,2017-09-19
Puebla,Los Reyes de Juárez,21118,,sí,sí,7.1,2017-09-19
Puebla,San Andrés Cholula,21119,,sí,sí,7.1,2017-09-19
Puebla,San Diego la Mesa Tochimiltzingo,21121,,sí,sí,7.1,2017-09-19
Puebla,San Felipe Teotlalcingo,21122,,sí,sí,7.1,2017-09-19
Puebla,San Gregorio Atzompa,21125,,sí,sí,7.1,2017-09-19
Puebla,San Jerónimo Tecuanipan,21126,,sí,sí,7.1,2017-09-19
Puebla,San Jerónimo Xayacatlán,21127,,sí,sí,7.1,2017-09-19
Puebla,San Juan Atzompa,21131,,sí,sí,7.1,2017-09-19
Puebla,San Martín Texmelucan,21132,,sí,sí,7.1,2017-09-19
Puebla,San Martín Totoltepec,21133,,sí,sí,7.1,2017-09-19
Puebla,San Matías Tlalancaleca,21134,,sí,sí,7.1,2017-09-19
Puebla,San Miguel Ixitlán,21135,,sí,sí,7.1,2017-09-19
Puebla,San Miguel Xoxtla,21136,,sí,sí,7.1,2017-09-19
Puebla,San Nicolás de los Ranchos,21138,,sí,sí,7.1,2017-09-19
Puebla,San Pablo Anicano,21139,,sí,sí,7.1,2017-09-19
Puebla,San Pedro Cholula,21140,,sí,sí,7.1,2017-09-19
Puebla,San Pedro Yeloixtlahuaca,21141,,sí,sí,7.1,2017-09-19
Puebla,San Salvador el Verde,21143,,sí,sí,7.1,2017-09-19
Puebla,San Salvador Huixcolotla,21144,,sí,sí,7.1,2017-09-19
Puebla,Santa Catarina Tlaltempan,21146,,sí,sí,7.1,2017-09-19
Puebla,Santa Inés Ahuatempan,21147,,sí,sí,7.1,2017-09-19
Puebla,Santa Isabel Cholula,21148,,sí,sí,7.1,2017-09-19
Puebla,Huehuetlán el Grande,21150,,sí,sí,7.1,2017-09-19
Puebla,Santo Tomás Hueyotlipan,21151,,sí,sí,7.1,2017-09-19
Puebla,Tecali de Herrera,21153,,sí,sí,7.1,2017-09-19
Puebla,Tecamachalco,21154,,sí,sí,7.1,2017-09-19
Puebla,Tecomatlán,21155,,sí,sí,7.1,2017-09-19
Puebla,Tehuacán,21156,,sí,sí,7.1,2017-09-19
Puebla,Tehuitzingo,21157,,sí,sí,7.1,2017-09-19
Puebla,Teopantlán,21159,,sí,sí,7.1,2017-09-19
Puebla,Teotlalco,21160,,sí,sí,7.1,2017-09-19
Puebla,Tepanco de López,21161,,sí,sí,7.1,2017-09-19
Puebla,Tepatlaxco de Hidalgo,21163,,sí,sí,7.1,2017-09-19
Puebla,Tepeaca,21164,,sí,sí,7.1,2017-09-19
Puebla,Tepemaxalco,21165,,sí,sí,7.1,2017-09-19
Puebla,Tepeojuma,21166,,sí,sí,7.1,2017-09-19
Puebla,Tepexco,21168,,sí,sí,7.1,2017-09-19
Puebla,Tepexi de Rodríguez,21169,,sí,sí,7.1,2017-09-19
Puebla,Tepeyahualco de Cuauhtémoc,21171,,sí,sí,7.1,2017-09-19
Puebla,Tianguismanalco,21175,,sí,sí,7.1,2017-09-19
Puebla,Tilapa,21176,,sí,sí,7.1,2017-09-19
Puebla,Tlacotepec de Benito Juárez,21177,,sí,sí,7.1,2017-09-19
Puebla,Tlahuapan,21180,,sí,sí,7.1,2017-09-19
Puebla,Tlaltenango,21181,,sí,sí,7.1,2017-09-19
Puebla,Tlanepantla,21182,,sí,sí,7.1,2017-09-19
Puebla,Tlapanalá,21185,,sí,sí,7.1,2017-09-19
Puebla,Tochimilco,21188,,sí,sí,7.1,2017-09-19
Puebla,Tochtepec,21189,,sí,sí,7.1,2017-09-19
Puebla,Totoltepec de Guerrero,21190,,sí,sí,7.1,2017-09-19
Puebla,Tulcingo,21191,,sí,sí,7.1,2017-09-19
Puebla,Tzicatlacoyan,21193,,sí,sí,7.1,2017-09-19
Puebla,Xayacatlán de Bravo,21196,,sí,sí,7.1,2017-09-19
Puebla,Xicotlán,21198,,sí,sí,7.1,2017-09-19
Puebla,Xochiltepec,21201,,sí,sí,7.1,2017-09-19
Puebla,Xochitlán Todos Santos,21203,,sí,sí,7.1,2017-09-19
Puebla,Yehualtepec,21205,,sí,sí,7.1,2017-09-19
Puebla,Zacapala,21206,,sí,sí,7.1,2017-09-19
Puebla,Zapotitlán,21209,,sí,sí,7.1,2017-09-19
Puebla,Zaragoza,21211,,sí,sí,7.1,2017-09-19
Tlaxcala,Amaxac de Guerrero,29001,,,sí,7.1,2017-09-19
Tlaxcala,Apetatitlán de Antonio Carvajal,29002,,,sí,7.1,2017-09-19
Tlaxcala,Apizaco,29005,,,sí,7.1,2017-09-19
Tlaxcala,Cuaxomulco,29009,,,sí,7.1,2017-09-19
Tlaxcala,Chiautempan,29010,,,sí,7.1,2017-09-19
Tlaxcala,Hueyotlipan,29014,,,sí,7.1,2017-09-19
Tlaxcala,Ixtacuixtla de Mariano Matamoros,29015,,,sí,7.1,2017-09-19
Tlaxcala,Mazatecochco de José María Morelos,29017,,,sí,7.1,2017-09-19
Tlaxcala,Contla de Juan Cuamatzi,29018,,,sí,7.1,2017-09-19
Tlaxcala,Tepetitla de Lardizábal,29019,,,sí,7.1,2017-09-19
Tlaxcala,Acuamanala de Miguel Hidalgo,29022,,,sí,7.1,2017-09-19
Tlaxcala,Natívitas,29023,,,sí,7.1,2017-09-19
Tlaxcala,Panotla,29024,,,sí,7.1,2017-09-19
Tlaxcala,San Pablo del Monte,29025,,,sí,7.1,2017-09-19
Tlaxcala,Santa Cruz Tlaxcala,29026,,,sí,7.1,2017-09-19
Tlaxcala,Tenancingo,29027,,,sí,7.1,2017-09-19
Tlaxcala,Teolocholco,29028,,,sí,7.1,2017-09-19
Tlaxcala,Tepeyanco,29029,,,sí,7.1,2017-09-19
Tlaxcala,Tetlatlahuca,29032,,,sí,7.1,2017-09-19
Tlaxcala,Tlaxcala,29033,,,sí,7.1,2017-09-19
Tlaxcala,Totolac,29036,,,sí,,2017-09-19
Tlaxcala,Tzompantepec,29038,,,sí,7.1,2017-09-19
Tlaxcala,Xaltocan,29040,,,sí,7.1,2017-09-19
Tlaxcala,Papalotla de Xicohténcatl,29041,,,sí,7.1,2017-09-19
Tlaxcala,Xicohtzinco,29042,,,sí,7.1,2017-09-19
Tlaxcala,Yauhquemehcan,29043,,,sí,7.1,2017-09-19
Tlaxcala,Zacatelco,29044,,,sí,7.1,2017-09-19
Tlaxcala,La Magdalena Tlaltelulco,29048,,,sí,7.1,2017-09-19
Tlaxcala,San Damián Texóloc,29049,,,sí,7.1,2017-09-19
Tlaxcala,San Francisco Tetlanohcan,29050,,,sí,7.1,2017-09-19
Tlaxcala,San Jerónimo Zacualpan,29051,,,sí,7.1,2017-09-19
Tlaxcala,San José Teacalco,29052,,,sí,7.1,2017-09-19
Tlaxcala,San Juan Huactzinco,29053,,,sí,7.1,2017-09-19
Tlaxcala,San Lorenzo Axocomanitla,29054,,,sí,7.1,2017-09-19
Tlaxcala,San Lucas Tecopilco,29055,,,sí,7.1,2017-09-19
Tlaxcala,Santa Ana Nopalucan,29056,,,sí,7.1,2017-09-19
Tlaxcala,Santa Apolonia Teacalco,29057,,,sí,7.1,2017-09-19
Tlaxcala,Santa Catarina Ayometla,29058,,,sí,7.1,2017-09-19
Tlaxcala,Santa Cruz Quilehtla,29059,,,sí,7.1,2017-09-19
Tlaxcala,Santa Isabel Xiloxoxtla,29060,,,sí,7.1,2017-09-19
Veracruz de Ignacio de la Llave,Coatzacoalcos,30039,,,sí,8.2,2017-09-07
Veracruz de Ignacio de la Llave,Cosoleacaque,30048,,,sí,8.2,2017-09-07
Veracruz de Ignacio de la Llave,Hidalgotitlán,30070,,,sí,8.2,2017-09-07
Veracruz de Ignacio de la Llave,Jáltipan,30089,,,sí,8.2,2017-09-07
Veracruz de Ignacio de la Llave,Minatitlán,30108,,,sí,8.2,2017-09-07
Veracruz de Ignacio de la Llave,Texistepec,30172,,,sí,8.2,2017-09-07